model_name,val_year,county,y_true,y_pred,error
transformer_daily,2015,临江市,6.45170783996582,6.650999069213867,0.19929122924804688
transformer_daily,2015,乾安县,5.879488945007324,6.469325542449951,0.589836597442627
transformer_daily,2015,伊通满族自治县,8.398590087890625,7.295836448669434,-1.1027536392211914
transformer_daily,2015,公主岭市,9.73847770690918,8.91877555847168,-0.8197021484375
transformer_daily,2015,前郭尔罗斯蒙古族自治县,7.345073699951172,6.21454381942749,-1.1305298805236816
transformer_daily,2015,双辽市,6.433568954467773,6.714245319366455,0.28067636489868164
transformer_daily,2015,和龙市,5.230000019073486,5.613175392150879,0.3831753730773926
transformer_daily,2015,图们市,5.169000148773193,5.497922420501709,0.3289222717285156
transformer_daily,2015,大安市,8.053393363952637,6.402536869049072,-1.6508564949035645
transformer_daily,2015,安图县,5.604000091552734,5.930210113525391,0.32621002197265625
transformer_daily,2015,延吉市,6.5279998779296875,5.962786674499512,-0.5652132034301758
transformer_daily,2015,抚松县,6.317288398742676,6.493554592132568,0.17626619338989258
transformer_daily,2015,敦化市,4.239999771118164,5.362402439117432,1.1224026679992676
transformer_daily,2015,柳河县,6.043924331665039,6.076143264770508,0.03221893310546875
transformer_daily,2015,桦甸市,6.555135250091553,6.252742290496826,-0.30239295959472656
transformer_daily,2015,梅河口市,5.478933811187744,6.183191776275635,0.7042579650878906
transformer_daily,2015,梨树县,9.641217231750488,8.924875259399414,-0.7163419723510742
transformer_daily,2015,永吉县,6.430453777313232,6.35482120513916,-0.07563257217407227
transformer_daily,2015,汪清县,6.375,5.595001697540283,-0.7799983024597168
transformer_daily,2015,洮南市,4.333660125732422,6.452979564666748,2.119319438934326
transformer_daily,2015,珲春市,4.2230000495910645,5.870450973510742,1.6474509239196777
transformer_daily,2015,磐石市,6.862104415893555,6.408916473388672,-0.4531879425048828
transformer_daily,2015,舒兰市,6.430562973022461,6.598080635070801,0.16751766204833984
transformer_daily,2015,蛟河市,6.162327289581299,6.0047831535339355,-0.15754413604736328
transformer_daily,2015,辉南县,6.422266483306885,6.378803253173828,-0.04346323013305664
transformer_daily,2015,通化县,6.118394374847412,6.680606365203857,0.5622119903564453
transformer_daily,2015,通榆县,2.8678033351898193,5.021611213684082,2.1538078784942627
transformer_daily,2015,镇赉县,5.099992275238037,6.705455303192139,1.6054630279541016
transformer_daily,2015,长岭县,6.835219383239746,7.345407485961914,0.510188102722168
transformer_daily,2015,长白朝鲜族自治县,7.046141624450684,6.081971645355225,-0.964169979095459
transformer_daily,2015,集安市,6.55189847946167,6.278231143951416,-0.2736673355102539
transformer_daily,2015,靖宇县,6.528005123138428,6.156059265136719,-0.371945858001709
transformer_daily,2015,龙井市,5.322000026702881,5.879727363586426,0.5577273368835449
transformer_daily,2016,临江市,6.146035671234131,6.1976399421691895,0.051604270935058594
transformer_daily,2016,乾安县,6.327569961547852,5.64968204498291,-0.6778879165649414
transformer_daily,2016,伊通满族自治县,8.48312759399414,8.511226654052734,0.02809906005859375
transformer_daily,2016,公主岭市,9.97108268737793,9.139504432678223,-0.831578254699707
transformer_daily,2016,前郭尔罗斯蒙古族自治县,8.375526428222656,6.550675392150879,-1.8248510360717773
transformer_daily,2016,双辽市,7.045422077178955,6.622081756591797,-0.4233403205871582
transformer_daily,2016,和龙市,5.052000045776367,5.843297481536865,0.791297435760498
transformer_daily,2016,图们市,3.989000082015991,5.312304496765137,1.3233044147491455
transformer_daily,2016,大安市,9.869524002075195,5.702034950256348,-4.167489051818848
transformer_daily,2016,安图县,5.4070000648498535,5.854188442230225,0.4471883773803711
transformer_daily,2016,延吉市,6.464000225067139,5.706845760345459,-0.7571544647216797
transformer_daily,2016,抚松县,6.881259441375732,6.1161274909973145,-0.765131950378418
transformer_daily,2016,敦化市,4.169000148773193,4.253730773925781,0.08473062515258789
transformer_daily,2016,柳河县,6.375771999359131,5.525600910186768,-0.8501710891723633
transformer_daily,2016,桦甸市,5.600124359130859,6.424320697784424,0.8241963386535645
transformer_daily,2016,梅河口市,5.1705002784729,6.4434003829956055,1.272900104522705
transformer_daily,2016,梨树县,9.794841766357422,9.80208683013916,0.007245063781738281
transformer_daily,2016,永吉县,6.381374835968018,7.400838851928711,1.0194640159606934
transformer_daily,2016,汪清县,7.857999801635742,4.241153717041016,-3.6168460845947266
transformer_daily,2016,洮南市,4.49025297164917,5.694798469543457,1.204545497894287
transformer_daily,2016,珲春市,3.7660000324249268,4.585702896118164,0.8197028636932373
transformer_daily,2016,磐石市,6.708802223205566,7.054764270782471,0.3459620475769043
transformer_daily,2016,舒兰市,6.608504295349121,7.600636959075928,0.9921326637268066
transformer_daily,2016,蛟河市,6.268814563751221,6.619001388549805,0.350186824798584
transformer_daily,2016,辉南县,6.583308219909668,6.233635902404785,-0.3496723175048828
transformer_daily,2016,通化县,6.295191764831543,6.1153950691223145,-0.17979669570922852
transformer_daily,2016,通榆县,3.0545918941497803,3.585660696029663,0.5310688018798828
transformer_daily,2016,镇赉县,3.779812812805176,5.215815544128418,1.4360027313232422
transformer_daily,2016,长岭县,6.524535179138184,7.07185697555542,0.5473217964172363
transformer_daily,2016,长白朝鲜族自治县,7.2771430015563965,5.533160209655762,-1.7439827919006348
transformer_daily,2016,集安市,6.259239196777344,5.562976837158203,-0.6962623596191406
transformer_daily,2016,靖宇县,6.393097877502441,6.04393196105957,-0.3491659164428711
transformer_daily,2016,龙井市,5.177000045776367,5.782771587371826,0.605771541595459
transformer_daily,2017,临江市,6.141258716583252,6.7429890632629395,0.6017303466796875
transformer_daily,2017,乾安县,7.292027950286865,6.2451395988464355,-1.0468883514404297
transformer_daily,2017,伊通满族自治县,8.69360637664795,8.143755912780762,-0.5498504638671875
transformer_daily,2017,公主岭市,10.059293746948242,10.735358238220215,0.6760644912719727
transformer_daily,2017,前郭尔罗斯蒙古族自治县,8.543632507324219,8.38534927368164,-0.15828323364257812
transformer_daily,2017,双辽市,7.3593878746032715,8.159725189208984,0.8003373146057129
transformer_daily,2017,和龙市,5.394294738769531,5.742949485778809,0.34865474700927734
transformer_daily,2017,图们市,3.592658519744873,5.080258369445801,1.4875998497009277
transformer_daily,2017,大安市,9.123337745666504,6.592935562133789,-2.530402183532715
transformer_daily,2017,安图县,5.023535251617432,6.455142974853516,1.431607723236084
transformer_daily,2017,延吉市,6.536942005157471,5.753634452819824,-0.7833075523376465
transformer_daily,2017,抚松县,7.3993635177612305,6.514402866363525,-0.8849606513977051
transformer_daily,2017,敦化市,5.994351863861084,6.171850681304932,0.17749881744384766
transformer_daily,2017,桦甸市,6.884295463562012,6.4076690673828125,-0.4766263961791992
transformer_daily,2017,梨树县,9.942394256591797,10.519880294799805,0.5774860382080078
transformer_daily,2017,永吉县,7.417243003845215,6.77782678604126,-0.6394162178039551
transformer_daily,2017,汪清县,6.946796894073486,5.271328926086426,-1.6754679679870605
transformer_daily,2017,洮南市,4.954697608947754,5.899237155914307,0.9445395469665527
transformer_daily,2017,珲春市,1.6920323371887207,5.021785259246826,3.3297529220581055
transformer_daily,2017,磐石市,7.132114887237549,6.342307090759277,-0.7898077964782715
transformer_daily,2017,舒兰市,7.5698089599609375,6.400097370147705,-1.1697115898132324
transformer_daily,2017,蛟河市,6.244502544403076,6.395956516265869,0.15145397186279297
transformer_daily,2017,通榆县,3.125535488128662,4.210149765014648,1.0846142768859863
transformer_daily,2017,镇赉县,4.223414421081543,5.877315521240234,1.6539011001586914
transformer_daily,2017,长岭县,7.688116550445557,8.783130645751953,1.0950140953063965
transformer_daily,2017,长白朝鲜族自治县,6.706516742706299,6.399001121520996,-0.30751562118530273
transformer_daily,2017,靖宇县,6.700648307800293,6.408871173858643,-0.2917771339416504
transformer_daily,2017,龙井市,5.722732067108154,5.472882270812988,-0.24984979629516602
transformer_daily,2018,临江市,6.162207126617432,5.947506427764893,-0.21470069885253906
transformer_daily,2018,乾安县,6.138296127319336,5.973191261291504,-0.16510486602783203
transformer_daily,2018,伊通满族自治县,7.697118759155273,7.382568836212158,-0.31454992294311523
transformer_daily,2018,公主岭市,8.12954330444336,7.712688446044922,-0.4168548583984375
transformer_daily,2018,前郭尔罗斯蒙古族自治县,7.227193355560303,6.3948211669921875,-0.8323721885681152
transformer_daily,2018,双辽市,6.577915668487549,6.225955486297607,-0.3519601821899414
transformer_daily,2018,和龙市,4.693999767303467,5.547172546386719,0.853172779083252
transformer_daily,2018,图们市,5.497000217437744,5.133744239807129,-0.36325597763061523
transformer_daily,2018,大安市,7.093113899230957,7.385649681091309,0.29253578186035156
transformer_daily,2018,安图县,5.426000118255615,5.759395122528076,0.33339500427246094
transformer_daily,2018,延吉市,5.734000205993652,5.430242538452148,-0.3037576675415039
transformer_daily,2018,抚松县,5.832740306854248,6.0905632972717285,0.25782299041748047
transformer_daily,2018,敦化市,4.98799991607666,6.1003289222717285,1.1123290061950684
transformer_daily,2018,柳河县,6.093611717224121,6.008376121520996,-0.085235595703125
transformer_daily,2018,梅河口市,4.956597328186035,6.522451400756836,1.5658540725708008
transformer_daily,2018,梨树县,8.498224258422852,8.796916961669922,0.2986927032470703
transformer_daily,2018,汪清县,5.35699987411499,5.0306549072265625,-0.32634496688842773
transformer_daily,2018,洮南市,5.707773685455322,5.625741004943848,-0.08203268051147461
transformer_daily,2018,珲春市,5.26800012588501,4.712277412414551,-0.555722713470459
transformer_daily,2018,辉南县,6.1675705909729,6.441734790802002,0.27416419982910156
transformer_daily,2018,通化县,6.186156272888184,5.434604167938232,-0.7515521049499512
transformer_daily,2018,通榆县,3.294281244277954,4.523816108703613,1.2295348644256592
transformer_daily,2018,镇赉县,6.446221828460693,6.6038498878479,0.15762805938720703
transformer_daily,2018,长岭县,6.76671028137207,6.136345863342285,-0.6303644180297852
transformer_daily,2018,长白朝鲜族自治县,4.635095596313477,5.203045845031738,0.5679502487182617
transformer_daily,2018,集安市,5.330774307250977,5.361020088195801,0.03024578094482422
transformer_daily,2018,靖宇县,5.693447113037109,5.917810916900635,0.2243638038635254
transformer_daily,2018,龙井市,5.230000019073486,5.581589698791504,0.3515896797180176
transformer_daily,2019,临江市,6.380306720733643,6.5825300216674805,0.2022233009338379
transformer_daily,2019,乾安县,7.147756576538086,7.579719543457031,0.4319629669189453
transformer_daily,2019,伊通满族自治县,8.677863121032715,8.022271156311035,-0.6555919647216797
transformer_daily,2019,公主岭市,8.599325180053711,9.116720199584961,0.51739501953125
transformer_daily,2019,前郭尔罗斯蒙古族自治县,8.22315788269043,7.813215255737305,-0.409942626953125
transformer_daily,2019,双辽市,7.384535789489746,8.116016387939453,0.731480598449707
transformer_daily,2019,和龙市,6.072000026702881,6.037365436553955,-0.03463459014892578
transformer_daily,2019,图们市,6.72599983215332,5.817327499389648,-0.9086723327636719
transformer_daily,2019,大安市,6.658075332641602,6.110312461853027,-0.5477628707885742
transformer_daily,2019,安图县,6.709000110626221,6.191370964050293,-0.5176291465759277
transformer_daily,2019,延吉市,6.729000091552734,5.8415727615356445,-0.8874273300170898
transformer_daily,2019,抚松县,6.713963031768799,6.514294624328613,-0.19966840744018555
transformer_daily,2019,敦化市,6.381999969482422,5.807843208312988,-0.5741567611694336
transformer_daily,2019,柳河县,6.498589992523193,5.866461277008057,-0.6321287155151367
transformer_daily,2019,桦甸市,6.332366466522217,6.060085296630859,-0.2722811698913574
transformer_daily,2019,梅河口市,6.926476001739502,5.9018402099609375,-1.0246357917785645
transformer_daily,2019,梨树县,8.395753860473633,9.51585578918457,1.1201019287109375
transformer_daily,2019,永吉县,6.167410850524902,6.89556884765625,0.7281579971313477
transformer_daily,2019,汪清县,6.671999931335449,6.189786911010742,-0.48221302032470703
transformer_daily,2019,洮南市,6.04714822769165,5.571727275848389,-0.4754209518432617
transformer_daily,2019,珲春市,6.551000118255615,6.0178937911987305,-0.5331063270568848
transformer_daily,2019,磐石市,6.829896450042725,6.669447898864746,-0.16044855117797852
transformer_daily,2019,舒兰市,7.320816516876221,6.868955135345459,-0.4518613815307617
transformer_daily,2019,蛟河市,6.399425029754639,5.786334991455078,-0.6130900382995605
transformer_daily,2019,辉南县,6.643436431884766,6.317496299743652,-0.3259401321411133
transformer_daily,2019,通化县,6.353668212890625,6.217188358306885,-0.13647985458374023
transformer_daily,2019,通榆县,3.4515540599823,4.860357284545898,1.4088032245635986
transformer_daily,2019,镇赉县,6.472838878631592,7.597823143005371,1.1249842643737793
transformer_daily,2019,长岭县,6.871765613555908,8.027032852172852,1.1552672386169434
transformer_daily,2019,长白朝鲜族自治县,6.281815052032471,6.582842826843262,0.301027774810791
transformer_daily,2019,集安市,5.978279113769531,6.010931491851807,0.03265237808227539
transformer_daily,2019,靖宇县,6.0244622230529785,6.3267316818237305,0.30226945877075195
transformer_daily,2019,龙井市,6.776000022888184,5.9080986976623535,-0.8679013252258301
