County_ID,name,year,SOS,EOS,VGS,RGS
57,和龙市,2015,152,298,77,67
52,延吉市,2012,154,296,76,66
52,延吉市,2015,151,295,77,66
57,和龙市,2012,151,293,76,67
56,龙井市,2015,151,293,77,66
38,抚松县,2016,145,292,81,66
33,柳河县,2007,149,292,76,67
34,梅河口市,2007,151,292,73,67
55,珲春市,2009,152,292,75,65
18,舒兰市,2018,152,292,72,64
29,东昌区,2016,141,291,82,67
16,蛟河市,2012,142,291,80,67
31,通化县,2007,143,291,82,66
17,桦甸市,2007,145,291,79,66
32,辉南县,2007,145,291,77,67
39,靖宇县,2015,145,291,78,67
53,图们市,2012,146,291,79,66
38,抚松县,2015,146,291,78,67
16,蛟河市,2016,146,291,78,67
52,延吉市,2016,146,291,80,66
59,安图县,2015,147,291,78,66
19,磐石市,2007,148,291,76,66
40,长白朝鲜族自治县,2015,148,291,78,66
3,二道区,2018,148,291,79,64
12,龙潭区,2018,148,291,76,66
33,柳河县,2019,148,291,76,66
53,图们市,2009,150,291,77,65
56,龙井市,2012,151,291,76,66
6,九台区,2018,151,291,75,64
52,延吉市,2009,152,291,73,65
55,珲春市,2012,153,291,71,66
29,东昌区,2010,134,290,88,66
38,抚松县,2012,135,290,88,67
39,靖宇县,2007,138,290,86,66
29,东昌区,2009,138,290,87,65
35,集安市,2009,138,290,85,66
35,集安市,2010,138,290,86,67
30,二道江区,2010,139,290,85,65
31,通化县,2010,139,290,85,66
29,东昌区,2007,140,290,85,65
29,东昌区,2019,141,290,83,66
31,通化县,2016,142,290,80,66
39,靖宇县,2016,142,290,82,66
26,西安区,2019,142,290,82,65
30,二道江区,2007,143,290,82,65
35,集安市,2007,143,290,82,66
32,辉南县,2010,143,290,79,66
52,延吉市,2013,144,290,79,66
33,柳河县,2016,144,290,79,66
16,蛟河市,2007,145,290,78,66
17,桦甸市,2009,145,290,77,67
33,柳河县,2010,145,290,78,66
56,龙井市,2013,145,290,79,66
4,绿园区,2018,145,290,80,64
38,抚松县,2019,145,290,80,65
33,柳河县,2009,146,290,76,66
53,图们市,2013,146,290,77,66
53,图们市,2015,146,290,78,66
53,图们市,2016,146,290,77,66
56,龙井市,2016,146,290,78,66
57,和龙市,2016,146,290,78,66
3,二道区,2019,146,290,78,66
36,浑江区,2007,147,290,79,65
41,临江市,2015,147,290,75,66
41,临江市,2016,147,290,76,66
21,铁东区,2019,148,290,76,65
27,东丰县,2019,148,290,77,65
52,延吉市,2019,148,290,77,65
59,安图县,2019,148,290,79,64
16,蛟河市,2015,149,290,74,66
57,和龙市,2009,150,290,76,65
2,朝阳区,2018,150,290,74,65
20,铁西区,2019,150,290,74,65
23,伊通满族自治县,2019,150,290,74,64
57,和龙市,2020,150,290,72,66
26,西安区,2007,151,290,73,65
56,龙井市,2009,151,290,74,65
10,公主岭市,2018,151,290,74,64
56,龙井市,2020,151,290,72,65
27,东丰县,2007,152,290,71,66
0,南关区,2018,152,290,74,65
8,榆树市,2018,152,290,72,64
20,铁西区,2018,152,290,71,66
21,铁东区,2018,152,290,72,66
3,二道区,2003,153,290,70,66
55,珲春市,2015,153,290,72,64
23,伊通满族自治县,2018,153,290,72,65
22,梨树县,2003,154,290,69,65
20,铁西区,2003,156,290,70,65
24,双辽市,2019,158,290,69,64
41,临江市,2012,133,289,89,65
37,江源区,2007,137,289,85,65
38,抚松县,2007,139,289,85,65
31,通化县,2009,140,289,83,65
59,安图县,2012,141,289,82,65
37,江源区,2016,141,289,82,65
57,和龙市,2013,142,289,80,66
17,桦甸市,2016,142,289,79,67
19,磐石市,2010,144,289,78,65
19,磐石市,2016,144,289,78,67
59,安图县,2016,144,289,80,64
29,东昌区,2017,144,289,80,64
40,长白朝鲜族自治县,2019,144,289,79,65
14,丰满区,2007,145,289,77,67
31,通化县,2015,146,289,76,66
1,宽城区,2018,146,289,76,66
16,蛟河市,2019,146,289,77,66
25,龙山区,2019,146,289,78,65
28,东辽县,2019,146,289,77,65
41,临江市,2020,146,289,77,65
18,舒兰市,2019,147,289,74,66
41,临江市,2019,147,289,76,65
53,图们市,2019,147,289,76,65
57,和龙市,2019,147,289,75,66
36,浑江区,2020,147,289,76,66
14,丰满区,2015,148,289,73,67
17,桦甸市,2015,148,289,74,67
34,梅河口市,2019,148,289,74,66
56,龙井市,2019,148,289,74,65
36,浑江区,2009,149,289,77,63
33,柳河县,2015,149,289,74,65
6,九台区,2019,149,289,73,66
21,铁东区,2003,150,289,72,65
13,船营区,2018,150,289,72,65
23,伊通满族自治县,2015,151,289,71,66
54,敦化市,2015,151,289,71,66
58,汪清县,2012,152,289,71,64
13,船营区,2007,153,289,69,66
44,长岭县,2019,158,289,68,63
37,江源区,2012,130,288,91,66
37,江源区,2010,134,288,88,65
41,临江市,2013,136,288,86,65
30,二道江区,2009,137,288,86,65
37,江源区,2009,138,288,85,64
40,长白朝鲜族自治县,2012,138,288,84,66
36,浑江区,2010,139,288,83,65
38,抚松县,2013,139,288,83,65
41,临江市,2007,140,288,82,66
17,桦甸市,2010,141,288,80,65
14,丰满区,2016,142,288,79,68
39,靖宇县,2019,142,288,80,66
26,西安区,2018,143,288,80,64
35,集安市,2002,144,288,79,65
40,长白朝鲜族自治县,2007,144,288,78,65
41,临江市,2009,144,288,79,65
29,东昌区,2015,144,288,78,65
25,龙山区,2018,144,288,79,64
40,长白朝鲜族自治县,2020,144,288,79,65
16,蛟河市,2018,145,288,77,66
53,图们市,2007,146,288,79,63
34,梅河口市,2010,146,288,75,66
34,梅河口市,2016,146,288,76,66
33,柳河县,2018,146,288,76,65
37,江源区,2002,147,288,77,63
36,浑江区,2006,147,288,76,64
27,东丰县,2010,147,288,74,65
15,永吉县,2007,148,288,72,66
55,珲春市,2013,149,288,74,65
19,磐石市,2015,149,288,73,65
27,东丰县,2015,149,288,73,65
5,双阳区,2018,149,288,75,64
27,东丰县,2018,149,288,75,63
58,汪清县,2015,150,288,73,65
54,敦化市,2016,150,288,74,64
55,珲春市,2003,151,288,73,64
3,二道区,2007,152,288,70,66
55,珲春市,2016,152,288,71,65
36,浑江区,2002,153,288,71,63
1,宽城区,2003,153,288,69,65
10,公主岭市,2019,153,288,69,65
27,东丰县,2004,154,288,68,65
58,汪清县,2009,154,288,72,63
55,珲春市,2006,156,288,70,62
44,长岭县,2003,162,288,63,62
39,靖宇县,2012,132,287,89,67
41,临江市,2010,137,287,84,65
40,长白朝鲜族自治县,2013,140,287,81,65
21,铁东区,2010,143,287,78,66
54,敦化市,2012,143,287,79,65
37,江源区,2020,143,287,80,64
29,东昌区,2002,144,287,79,62
39,靖宇县,2002,145,287,77,64
28,东辽县,2018,145,287,77,64
12,龙潭区,2019,145,287,77,66
38,抚松县,2009,146,287,77,64
15,永吉县,2018,146,287,75,65
30,二道江区,2002,147,287,77,63
53,图们市,2003,147,287,77,63
41,临江市,2011,147,287,77,63
25,龙山区,2015,147,287,75,65
32,辉南县,2015,147,287,74,65
9,德惠市,2018,147,287,74,66
2,朝阳区,2019,147,287,74,65
59,安图县,2009,148,287,75,63
40,长白朝鲜族自治县,2002,149,287,74,62
11,昌邑区,2018,149,287,71,66
34,梅河口市,2018,149,287,72,65
34,梅河口市,2015,150,287,71,64
53,图们市,2002,151,287,75,61
41,临江市,2002,152,287,73,62
52,延吉市,2002,154,287,71,61
24,双辽市,2003,158,287,67,62
49,通榆县,2017,171,287,59,56
29,东昌区,2012,131,286,89,67
41,临江市,2006,141,286,80,64
30,二道江区,2019,141,286,79,67
41,临江市,2005,142,286,80,63
39,靖宇县,2009,142,286,80,65
12,龙潭区,2016,142,286,77,68
40,长白朝鲜族自治县,2016,142,286,78,66
37,江源区,2004,144,286,78,64
39,靖宇县,2011,144,286,78,64
32,辉南县,2016,144,286,76,66
31,通化县,2019,144,286,77,65
56,龙井市,2007,145,286,75,65
40,长白朝鲜族自治县,2009,145,286,76,64
27,东丰县,2016,145,286,76,66
53,图们市,2018,145,286,77,65
31,通化县,2002,146,286,77,62
41,临江市,2004,146,286,75,64
52,延吉市,2006,146,286,77,63
56,龙井市,2006,146,286,76,63
38,抚松县,2011,146,286,76,64
23,伊通满族自治县,2016,146,286,75,67
33,柳河县,2002,147,286,74,63
12,龙潭区,2007,147,286,72,67
19,磐石市,2017,147,286,74,65
36,浑江区,2017,147,286,75,65
38,抚松县,2002,148,286,75,63
36,浑江区,2005,149,286,75,62
22,梨树县,2018,149,286,72,65
52,延吉市,2020,150,286,71,65
13,船营区,2002,152,286,69,64
10,公主岭市,2003,152,286,69,65
58,汪清县,2016,152,286,71,64
56,龙井市,2002,153,286,72,61
57,和龙市,2002,154,286,72,61
55,珲春市,2005,154,286,69,62
44,长岭县,2018,156,286,69,62
49,通榆县,2020,160,286,64,61
51,大安市,2003,161,286,63,61
36,浑江区,2012,132,285,87,66
31,通化县,2012,135,285,85,67
39,靖宇县,2010,137,285,84,65
17,桦甸市,2012,137,285,82,67
39,靖宇县,2013,137,285,84,66
33,柳河县,2012,139,285,79,67
30,二道江区,2005,140,285,80,64
37,江源区,2006,140,285,81,64
39,靖宇县,2020,140,285,80,66
37,江源区,2015,141,285,79,66
35,集安市,2016,141,285,78,66
29,东昌区,2020,141,285,80,66
38,抚松县,2020,141,285,78,66
14,丰满区,2018,142,285,77,66
14,丰满区,2009,143,285,75,68
12,龙潭区,2010,143,285,77,67
0,南关区,2016,143,285,73,68
18,舒兰市,2010,144,285,75,66
3,二道区,2016,144,285,74,68
5,双阳区,2016,144,285,73,68
6,九台区,2016,144,285,72,68
11,昌邑区,2016,144,285,73,68
15,永吉县,2016,144,285,75,68
18,舒兰市,2016,144,285,74,67
37,江源区,2019,144,285,78,64
53,图们市,2006,145,285,76,62
32,辉南县,2009,145,285,74,67
13,船营区,2016,145,285,72,68
21,铁东区,2016,145,285,74,66
19,磐石市,2018,145,285,76,65
52,延吉市,2007,146,285,74,66
57,和龙市,2007,146,285,74,65
19,磐石市,2009,146,285,74,67
20,铁西区,2016,146,285,73,67
41,临江市,2017,146,285,75,64
32,辉南县,2019,146,285,74,67
36,浑江区,2019,146,285,74,66
19,磐石市,2019,147,285,74,66
34,梅河口市,2002,148,285,73,63
59,安图县,2002,148,285,75,61
13,船营区,2009,148,285,70,67
0,南关区,2019,148,285,73,65
9,德惠市,2019,148,285,71,66
59,安图县,2020,148,285,74,63
55,珲春市,2002,149,285,73,62
53,图们市,2005,149,285,73,61
25,龙山区,2007,149,285,72,65
11,昌邑区,2009,149,285,69,67
5,双阳区,2015,149,285,71,65
18,舒兰市,2015,149,285,70,67
55,珲春市,2018,149,285,72,65
1,宽城区,2019,149,285,71,66
42,宁江区,2019,149,285,71,65
54,敦化市,2019,149,285,73,62
28,东辽县,2007,150,285,71,66
4,绿园区,2019,150,285,71,66
58,汪清县,2019,150,285,73,63
33,柳河县,2020,150,285,71,64
52,延吉市,2004,151,285,72,63
11,昌邑区,2007,151,285,69,66
7,农安县,2019,151,285,69,65
42,宁江区,2006,152,285,69,62
7,农安县,2002,154,285,69,62
52,延吉市,2005,154,285,70,62
44,长岭县,2006,155,285,67,62
24,双辽市,2018,157,285,68,61
50,洮南市,2020,157,285,65,63
24,双辽市,2017,158,285,67,61
45,乾安县,2003,164,285,61,60
35,集安市,2012,134,284,84,66
37,江源区,2013,134,284,87,64
29,东昌区,2018,135,284,84,66
19,磐石市,2012,137,284,78,67
29,东昌区,2005,138,284,82,65
14,丰满区,2010,138,284,79,67
40,长白朝鲜族自治县,2010,138,284,81,66
39,靖宇县,2018,138,284,80,67
30,二道江区,2016,139,284,79,67
39,靖宇县,2005,140,284,81,64
59,安图县,2007,140,284,81,62
26,西安区,2016,140,284,77,67
31,通化县,2018,140,284,79,65
31,通化县,2005,141,284,79,63
11,昌邑区,2010,141,284,75,67
25,龙山区,2016,141,284,76,67
30,二道江区,2017,141,284,79,65
17,桦甸市,2018,141,284,77,66
33,柳河县,2003,142,284,77,66
17,桦甸市,2006,142,284,78,65
15,永吉县,2010,142,284,76,66
26,西安区,2010,142,284,78,66
2,朝阳区,2016,142,284,74,68
40,长白朝鲜族自治县,2005,143,284,78,63
25,龙山区,2010,143,284,77,66
28,东辽县,2010,143,284,76,66
33,柳河县,2013,143,284,74,67
33,柳河县,2014,143,284,74,67
53,图们市,2014,143,284,77,64
8,榆树市,2016,143,284,73,68
28,东辽县,2016,143,284,76,67
14,丰满区,2019,143,284,74,67
1,宽城区,2006,144,284,72,67
35,集安市,2015,144,284,75,66
52,延吉市,2018,144,284,74,66
56,龙井市,2018,144,284,74,66
17,桦甸市,2019,144,284,73,66
15,永吉县,2009,145,284,72,67
13,船营区,2010,145,284,73,66
36,浑江区,2015,145,284,73,66
36,浑江区,2016,145,284,75,66
17,桦甸市,2017,145,284,76,65
57,和龙市,2018,145,284,73,66
30,二道江区,2020,145,284,76,65
33,柳河县,2005,146,284,75,65
6,九台区,2006,146,284,71,66
9,德惠市,2006,146,284,70,67
57,和龙市,2011,146,284,75,64
0,南关区,2015,146,284,72,66
2,朝阳区,2015,146,284,71,66
7,农安县,2018,146,284,73,65
3,二道区,2020,146,284,75,66
21,铁东区,2004,147,284,72,66
18,舒兰市,2007,147,284,72,65
12,龙潭区,2009,147,284,71,67
3,二道区,2015,147,284,73,66
12,龙潭区,2015,147,284,71,67
28,东辽县,2015,147,284,73,65
12,龙潭区,2017,147,284,71,66
16,蛟河市,2017,147,284,73,65
31,通化县,2017,147,284,74,64
11,昌邑区,2019,147,284,71,66
55,珲春市,2019,147,284,73,64
25,龙山区,2004,148,284,69,67
26,西安区,2004,148,284,70,67
33,柳河县,2004,148,284,72,65
34,梅河口市,2005,148,284,72,65
18,舒兰市,2006,148,284,71,65
16,蛟河市,2009,148,284,72,65
20,铁西区,2015,148,284,71,66
32,辉南县,2017,148,284,71,65
8,榆树市,2019,148,284,71,66
15,永吉县,2002,149,284,71,63
9,德惠市,2003,149,284,68,67
19,磐石市,2004,149,284,71,65
20,铁西区,2004,149,284,69,66
7,农安县,2006,149,284,69,66
55,珲春市,2007,149,284,72,65
27,东丰县,2011,149,284,72,63
15,永吉县,2015,149,284,70,66
33,柳河县,2017,149,284,70,66
22,梨树县,2019,149,284,70,65
6,九台区,2003,150,284,69,66
28,东辽县,2004,150,284,69,66
21,铁东区,2020,150,284,70,65
4,绿园区,2003,151,284,69,65
11,昌邑区,2003,151,284,68,66
1,宽城区,2007,151,284,66,67
6,九台区,2007,151,284,67,66
0,南关区,2003,152,284,67,65
34,梅河口市,2004,152,284,69,65
36,浑江区,2004,152,284,70,63
57,和龙市,2005,152,284,70,61
5,双阳区,2007,152,284,68,66
54,敦化市,2020,152,284,68,65
7,农安县,2003,153,284,67,65
0,南关区,2007,153,284,67,66
46,扶余市,2019,153,284,68,64
58,汪清县,2020,154,284,67,65
42,宁江区,2003,155,284,66,65
46,扶余市,2017,155,284,66,64
48,镇赉县,2003,157,284,66,61
51,大安市,2017,157,284,64,63
49,通榆县,2009,162,284,61,62
45,乾安县,2006,164,284,62,59
49,通榆县,2016,165,284,60,59
45,乾安县,2002,166,284,61,57
49,通榆县,2003,166,284,60,58
30,二道江区,2012,132,283,85,66
17,桦甸市,2013,133,283,83,66
29,东昌区,2013,135,283,81,67
38,抚松县,2010,136,283,84,64
19,磐石市,2013,136,283,79,67
59,安图县,2013,136,283,83,64
29,东昌区,2014,136,283,82,65
16,蛟河市,2013,137,283,81,66
31,通化县,2013,137,283,79,66
32,辉南县,2013,137,283,79,66
30,二道江区,2018,137,283,79,66
39,靖宇县,2006,138,283,82,64
32,辉南县,2012,138,283,77,67
38,抚松县,2018,138,283,80,66
37,江源区,2005,139,283,82,63
38,抚松县,2006,139,283,81,63
35,集安市,2005,140,283,79,65
29,东昌区,2011,140,283,80,65
34,梅河口市,2012,140,283,74,67
36,浑江区,2018,140,283,78,66
59,安图县,2018,140,283,80,63
32,辉南县,2003,141,283,77,66
14,丰满区,2006,141,283,77,66
39,靖宇县,2014,141,283,79,65
30,二道江区,2015,141,283,76,66
37,江源区,2017,141,283,79,65
29,东昌区,2004,142,283,79,63
32,辉南县,2006,142,283,76,65
35,集安市,2019,142,283,76,66
12,龙潭区,2006,143,283,74,66
19,磐石市,2006,143,283,76,65
25,龙山区,2006,143,283,74,66
23,伊通满族自治县,2010,143,283,74,66
35,集安市,2011,143,283,77,65
39,靖宇县,2017,143,283,77,64
34,梅河口市,2003,144,283,73,66
4,绿园区,2006,144,283,72,67
52,延吉市,2010,144,283,75,64
31,通化县,2011,144,283,77,64
8,榆树市,2015,144,283,70,66
26,西安区,2015,144,283,75,65
4,绿园区,2016,144,283,73,66
32,辉南县,2018,144,283,73,66
39,靖宇县,2004,145,283,77,63
32,辉南县,2005,145,283,73,65
3,二道区,2006,145,283,73,66
8,榆树市,2006,145,283,71,66
11,昌邑区,2006,145,283,71,66
27,东丰县,2006,145,283,73,65
34,梅河口市,2006,145,283,74,64
3,二道区,2010,145,283,72,66
20,铁西区,2010,145,283,73,65
56,龙井市,2011,145,283,74,64
54,敦化市,2013,145,283,76,63
58,汪清县,2013,145,283,76,63
22,梨树县,2016,145,283,71,67
3,二道区,2017,145,283,73,65
35,集安市,2017,145,283,76,64
5,双阳区,2019,145,283,73,65
15,永吉县,2019,145,283,72,66
12,龙潭区,2002,146,283,72,66
32,辉南县,2002,146,283,74,64
38,抚松县,2004,146,283,75,63
19,磐石市,2005,146,283,74,64
57,和龙市,2006,146,283,76,62
6,九台区,2009,146,283,69,67
21,铁东区,2015,146,283,72,65
7,农安县,2016,146,283,70,67
21,铁东区,2017,146,283,73,65
25,龙山区,2017,146,283,71,65
15,永吉县,2003,147,283,70,66
52,延吉市,2003,147,283,72,65
10,公主岭市,2006,147,283,69,66
34,梅河口市,2009,147,283,71,66
6,九台区,2015,147,283,70,66
6,九台区,2017,147,283,70,66
31,通化县,2020,147,283,71,65
9,德惠市,2002,148,283,69,65
8,榆树市,2003,148,283,68,66
12,龙潭区,2004,148,283,69,66
22,梨树县,2004,148,283,69,66
18,舒兰市,2009,148,283,70,66
33,柳河县,2011,148,283,73,64
13,船营区,2019,148,283,70,66
2,朝阳区,2003,149,283,69,66
3,二道区,2004,149,283,69,65
4,绿园区,2004,149,283,68,66
32,辉南县,2004,149,283,71,65
21,铁东区,2007,149,283,69,65
53,图们市,2020,149,283,69,64
3,二道区,2002,150,283,70,64
5,双阳区,2003,150,283,68,65
23,伊通满族自治县,2003,150,283,69,65
1,宽城区,2004,150,283,68,66
9,德惠市,2004,150,283,67,66
10,公主岭市,2004,150,283,67,66
56,龙井市,2005,150,283,72,62
9,德惠市,2007,150,283,66,66
11,昌邑区,2015,150,283,67,66
34,梅河口市,2017,150,283,68,65
13,船营区,2003,151,283,67,66
6,九台区,2004,151,283,67,66
55,珲春市,2011,151,283,70,62
13,船营区,2015,151,283,66,66
51,大安市,2015,151,283,68,64
46,扶余市,2016,151,283,67,65
23,伊通满族自治县,2017,151,283,68,64
55,珲春市,2020,151,283,69,64
7,农安县,2004,152,283,66,66
8,榆树市,2004,152,283,66,65
2,朝阳区,2007,152,283,65,66
51,大安市,2016,152,283,65,65
24,双辽市,2020,152,283,67,65
44,长岭县,2020,152,283,67,66
24,双辽市,2006,153,283,68,62
23,伊通满族自治县,2007,153,283,66,65
42,宁江区,2002,154,283,68,60
57,和龙市,2004,154,283,69,60
51,大安市,2009,156,283,64,64
44,长岭县,2002,158,283,66,59
45,乾安县,2017,158,283,62,63
43,前郭尔罗斯蒙古族自治县,2002,160,283,64,60
50,洮南市,2009,160,283,63,61
50,洮南市,2017,161,283,61,62
49,通榆县,2002,162,283,62,59
49,通榆县,2004,164,283,61,59
49,通榆县,2008,165,283,61,57
30,二道江区,2014,134,282,81,65
29,东昌区,2006,136,282,80,65
35,集安市,2006,137,282,80,65
36,浑江区,2013,137,282,80,65
37,江源区,2018,137,282,81,64
17,桦甸市,2003,139,282,78,65
40,长白朝鲜族自治县,2003,139,282,78,65
30,二道江区,2006,139,282,81,64
37,江源区,2011,139,282,80,63
31,通化县,2014,139,282,80,65
40,长白朝鲜族自治县,2017,139,282,80,63
41,临江市,2018,139,282,77,66
38,抚松县,2005,140,282,80,63
16,蛟河市,2010,140,282,78,65
59,安图县,2005,141,282,80,61
25,龙山区,2005,142,282,73,66
21,铁东区,2006,142,282,74,66
2,朝阳区,2010,142,282,73,65
6,九台区,2010,142,282,73,66
17,桦甸市,2011,142,282,76,65
30,二道江区,2011,142,282,75,65
12,龙潭区,2003,143,282,73,66
19,磐石市,2003,143,282,75,65
31,通化县,2004,143,282,77,63
56,龙井市,2010,143,282,75,64
34,梅河口市,2013,143,282,73,66
38,抚松县,2014,143,282,77,64
14,丰满区,2017,143,282,74,65
38,抚松县,2017,143,282,76,64
25,龙山区,2003,144,282,72,65
30,二道江区,2004,144,282,76,62
12,龙潭区,2005,144,282,73,66
17,桦甸市,2005,144,282,74,64
15,永吉县,2006,144,282,73,65
28,东辽县,2006,144,282,73,66
33,柳河县,2006,144,282,74,65
5,双阳区,2009,144,282,70,67
53,图们市,2010,144,282,75,64
57,和龙市,2010,144,282,76,64
21,铁东区,2011,144,282,75,63
53,图们市,2011,144,282,75,64
1,宽城区,2016,144,282,70,67
1,宽城区,2002,145,282,72,65
8,榆树市,2002,145,282,70,66
14,丰满区,2002,145,282,73,65
27,东丰县,2003,145,282,72,65
16,蛟河市,2006,145,282,74,64
20,铁西区,2006,145,282,71,66
23,伊通满族自治县,2006,145,282,70,66
17,桦甸市,2008,145,282,72,65
27,东丰县,2009,145,282,72,66
32,辉南县,2011,145,282,74,64
10,公主岭市,2016,145,282,70,67
26,西安区,2017,145,282,72,65
4,绿园区,2020,145,282,71,65
56,龙井市,2003,146,282,72,64
57,和龙市,2003,146,282,73,64
27,东丰县,2005,146,282,72,64
13,船营区,2006,146,282,69,65
19,磐石市,2008,146,282,69,66
40,长白朝鲜族自治县,2011,146,282,73,64
10,公主岭市,2015,146,282,68,66
0,南关区,2017,146,282,70,64
8,榆树市,2017,146,282,69,66
9,德惠市,2017,146,282,68,66
1,宽城区,2020,146,282,70,66
19,磐石市,2020,146,282,72,65
32,辉南县,2020,146,282,71,66
19,磐石市,2002,147,282,73,63
28,东辽县,2003,147,282,71,65
58,汪清县,2003,147,282,74,62
17,桦甸市,2004,147,282,71,64
36,浑江区,2011,147,282,72,63
52,延吉市,2014,147,282,73,63
22,梨树县,2015,147,282,67,67
5,双阳区,2017,147,282,71,65
15,永吉县,2017,147,282,71,65
28,东辽县,2017,147,282,70,64
27,东丰县,2020,147,282,72,64
55,珲春市,2010,148,282,71,63
2,朝阳区,2017,148,282,70,64
11,昌邑区,2017,148,282,68,66
13,船营区,2017,148,282,68,66
18,舒兰市,2017,148,282,69,65
27,东丰县,2017,148,282,69,65
34,梅河口市,2020,148,282,69,65
12,龙潭区,2008,149,282,68,66
20,铁西区,2020,149,282,66,66
57,和龙市,2001,150,282,74,57
15,永吉县,2004,150,282,68,65
23,伊通满族自治县,2004,150,282,67,65
4,绿园区,2007,150,282,66,66
56,龙井市,2008,150,282,70,62
2,朝阳区,2011,150,282,69,63
34,梅河口市,2011,150,282,70,63
58,汪清县,2018,150,282,70,62
11,昌邑区,2004,151,282,66,65
46,扶余市,2006,151,282,68,63
18,舒兰市,2008,151,282,65,65
23,伊通满族自治县,2011,151,282,69,63
42,宁江区,2017,151,282,66,65
46,扶余市,2003,152,282,66,65
7,农安县,2007,152,282,65,66
45,乾安县,2015,152,282,66,64
23,伊通满族自治县,2020,152,282,67,64
43,前郭尔罗斯蒙古族自治县,2020,152,282,65,65
13,船营区,2004,153,282,64,65
43,前郭尔罗斯蒙古族自治县,2009,153,282,64,65
48,镇赉县,2009,153,282,65,64
44,长岭县,2015,153,282,65,64
46,扶余市,2018,153,282,69,62
48,镇赉县,2017,154,282,63,64
44,长岭县,2017,155,282,65,63
43,前郭尔罗斯蒙古族自治县,2017,156,282,63,63
43,前郭尔罗斯蒙古族自治县,2018,156,282,67,61
43,前郭尔罗斯蒙古族自治县,2019,156,282,66,63
54,敦化市,2002,157,282,66,59
43,前郭尔罗斯蒙古族自治县,2006,157,282,65,61
51,大安市,2004,158,282,62,62
51,大安市,2006,159,282,63,60
49,通榆县,2006,167,282,59,57
35,集安市,2003,132,281,82,66
31,通化县,2003,133,281,83,64
30,二道江区,2003,135,281,82,64
39,靖宇县,2003,136,281,81,64
21,铁东区,2013,137,281,78,65
41,临江市,2003,138,281,80,64
31,通化县,2006,138,281,80,64
40,长白朝鲜族自治县,2006,138,281,79,64
59,安图县,2006,138,281,81,62
14,丰满区,2003,139,281,75,66
26,西安区,2006,139,281,75,66
8,榆树市,2010,139,281,76,65
27,东丰县,2013,139,281,74,66
35,集安市,2014,139,281,77,65
0,南关区,2010,141,281,73,65
16,蛟河市,2014,141,281,74,65
35,集安市,2004,142,281,76,64
40,长白朝鲜族自治县,2004,142,281,76,64
35,集安市,2008,142,281,74,64
22,梨树县,2010,142,281,72,65
16,蛟河市,2020,142,281,73,66
26,西安区,2020,142,281,76,64
28,东辽县,2005,143,281,73,65
0,南关区,2009,143,281,71,67
5,双阳区,2010,143,281,73,65
16,蛟河市,2011,143,281,74,63
26,西安区,2011,143,281,76,63
59,安图县,2011,143,281,77,62
40,长白朝鲜族自治县,2001,144,281,78,59
14,丰满区,2011,144,281,73,64
56,龙井市,2014,144,281,73,63
1,宽城区,2015,144,281,70,66
9,德惠市,2015,144,281,70,67
59,安图县,2017,144,281,74,63
17,桦甸市,2002,145,281,74,63
26,西安区,2003,145,281,70,65
5,双阳区,2006,145,281,70,66
19,磐石市,2011,145,281,73,64
25,龙山区,2011,145,281,74,63
52,延吉市,2011,145,281,73,63
42,宁江区,2018,145,281,72,64
6,九台区,2020,145,281,71,66
6,九台区,2002,146,281,69,65
18,舒兰市,2002,146,281,70,64
27,东丰县,2002,146,281,72,63
14,丰满区,2004,146,281,71,64
3,二道区,2005,146,281,71,64
11,昌邑区,2005,146,281,69,66
14,丰满区,2008,146,281,70,66
12,龙潭区,2011,146,281,72,64
28,东辽县,2011,146,281,72,63
7,农安县,2015,146,281,68,66
42,宁江区,2015,146,281,69,66
20,铁西区,2017,146,281,71,64
28,东辽县,2020,146,281,72,63
18,舒兰市,2003,147,281,69,65
3,二道区,2008,147,281,69,64
15,永吉县,2008,147,281,68,65
8,榆树市,2009,147,281,67,66
9,德惠市,2009,147,281,67,67
15,永吉县,2011,147,281,70,64
42,宁江区,2016,147,281,67,66
7,农安县,2020,147,281,67,66
11,昌邑区,2002,148,281,68,65
8,榆树市,2007,148,281,68,65
33,柳河县,2008,148,281,68,65
34,梅河口市,2008,148,281,67,66
18,舒兰市,2011,148,281,71,63
22,梨树县,2017,148,281,69,65
0,南关区,2020,148,281,69,64
5,双阳区,2020,148,281,70,64
10,公主岭市,2020,148,281,67,66
47,洮北区,2020,148,281,67,65
52,延吉市,2001,149,281,72,58
2,朝阳区,2002,149,281,70,63
55,珲春市,2004,149,281,69,64
52,延吉市,2008,149,281,70,62
53,图们市,2008,149,281,70,62
42,宁江区,2009,149,281,65,66
0,南关区,2011,149,281,69,63
5,双阳区,2011,149,281,69,64
46,扶余市,2015,149,281,68,64
48,镇赉县,2016,149,281,66,66
1,宽城区,2017,149,281,68,65
4,绿园区,2017,149,281,68,64
10,公主岭市,2017,149,281,67,64
22,梨树县,2020,149,281,66,66
46,扶余市,2020,149,281,68,64
0,南关区,2002,150,281,69,63
5,双阳区,2002,150,281,70,62
5,双阳区,2004,150,281,67,64
54,敦化市,2007,150,281,72,60
11,昌邑区,2008,150,281,66,65
54,敦化市,2018,150,281,69,62
46,扶余市,2007,151,281,65,64
20,铁西区,2011,151,281,69,62
43,前郭尔罗斯蒙古族自治县,2016,151,281,66,64
7,农安县,2017,151,281,66,64
51,大安市,2019,151,281,67,62
42,宁江区,2004,152,281,65,64
20,铁西区,2007,152,281,65,64
45,乾安县,2020,152,281,64,64
48,镇赉县,2002,153,281,66,62
46,扶余市,2004,153,281,64,64
45,乾安县,2019,153,281,65,63
46,扶余市,2002,154,281,66,62
58,汪清县,2002,154,281,71,57
47,洮北区,2009,154,281,64,63
54,敦化市,2009,155,281,66,61
43,前郭尔罗斯蒙古族自治县,2003,156,281,63,62
50,洮南市,2003,156,281,65,61
44,长岭县,2004,156,281,63,62
26,西安区,2001,157,281,67,57
51,大安市,2002,157,281,65,59
50,洮南市,2015,157,281,63,63
43,前郭尔罗斯蒙古族自治县,2004,158,281,63,62
50,洮南市,2012,160,281,59,63
45,乾安县,2004,161,281,60,60
49,通榆县,2018,162,281,61,59
49,通榆县,2015,163,281,59,59
49,通榆县,2012,164,281,55,62
49,通榆县,2007,166,281,57,58
14,丰满区,2012,133,280,80,68
37,江源区,2003,136,280,81,63
40,长白朝鲜族自治县,2018,136,280,79,65
59,安图县,2010,137,280,80,63
35,集安市,2018,137,280,78,65
4,绿园区,2010,138,280,75,65
38,抚松县,2003,139,280,79,63
23,伊通满族自治县,2013,139,280,74,66
36,浑江区,2014,139,280,77,64
37,江源区,2014,139,280,77,63
25,龙山区,2009,140,280,74,66
10,公主岭市,2010,140,280,73,65
36,浑江区,2003,141,280,77,63
3,二道区,2009,141,280,72,67
20,铁西区,2013,141,280,71,65
30,二道江区,2008,142,280,73,63
4,绿园区,2015,143,280,70,66
14,丰满区,2020,143,280,72,65
26,西安区,2002,144,280,75,62
2,朝阳区,2006,144,280,70,66
31,通化县,2008,144,280,72,64
57,和龙市,2014,144,280,71,63
4,绿园区,2002,145,280,71,64
25,龙山区,2002,145,280,73,63
0,南关区,2005,145,280,70,64
21,铁东区,2002,146,280,74,60
28,东辽县,2002,146,280,72,62
1,宽城区,2005,146,280,69,64
6,九台区,2005,146,280,69,65
15,永吉县,2005,146,280,70,64
4,绿园区,2008,146,280,70,63
3,二道区,2011,146,280,71,63
55,珲春市,2014,146,280,69,64
53,图们市,2017,146,280,72,63
35,集安市,2020,146,280,69,65
56,龙井市,2001,147,280,73,58
16,蛟河市,2002,147,280,70,62
18,舒兰市,2005,147,280,70,64
1,宽城区,2008,147,280,68,64
16,蛟河市,2008,147,280,70,63
8,榆树市,2011,147,280,69,63
11,昌邑区,2011,147,280,69,63
24,双辽市,2014,147,280,67,66
15,永吉县,2020,147,280,68,65
2,朝阳区,2004,148,280,67,66
56,龙井市,2004,148,280,70,62
54,敦化市,2006,148,280,72,60
24,双辽市,2013,148,280,70,63
2,朝阳区,2020,148,280,68,64
4,绿园区,2001,149,280,71,61
6,九台区,2008,149,280,66,64
7,农安县,2008,149,280,67,64
13,船营区,2008,149,280,66,65
27,东丰县,2008,149,280,66,65
28,东辽县,2008,149,280,66,64
24,双辽市,2010,149,280,69,62
34,梅河口市,2001,150,280,71,59
55,珲春市,2001,150,280,71,59
20,铁西区,2002,150,280,71,60
7,农安县,2005,150,280,67,64
57,和龙市,2008,150,280,70,61
46,扶余市,2009,150,280,63,66
54,敦化市,2005,151,280,70,60
23,伊通满族自治县,2008,151,280,65,64
13,船营区,2011,151,280,67,63
24,双辽市,2015,151,280,66,63
43,前郭尔罗斯蒙古族自治县,2015,151,280,66,64
48,镇赉县,2015,151,280,66,64
23,伊通满族自治县,2002,152,280,68,61
24,双辽市,2002,152,280,67,60
18,舒兰市,2004,152,280,66,63
24,双辽市,2004,153,280,66,61
10,公主岭市,2007,153,280,63,64
44,长岭县,2008,153,280,66,62
47,洮北区,2017,153,280,62,64
25,龙山区,2001,154,280,67,58
47,洮北区,2003,154,280,64,63
22,梨树县,2007,154,280,63,63
47,洮北区,2002,155,280,61,64
44,长岭县,2005,155,280,65,61
50,洮南市,2016,155,280,62,64
43,前郭尔罗斯蒙古族自治县,2008,156,280,64,59
44,长岭县,2007,157,280,60,63
7,农安县,2001,158,280,63,58
45,乾安县,2008,161,280,62,58
50,洮南市,2008,161,280,62,58
49,通榆县,2011,164,280,58,60
49,通榆县,2013,165,280,59,56
29,东昌区,2003,128,279,86,65
30,二道江区,2013,135,279,79,66
26,西安区,2005,139,279,74,66
14,丰满区,2005,140,279,74,65
18,舒兰市,2014,140,279,73,66
29,东昌区,2008,141,279,75,64
40,长白朝鲜族自治县,2014,141,279,75,63
41,临江市,2001,142,279,78,59
39,靖宇县,2008,142,279,74,63
41,临江市,2014,142,279,74,63
59,安图县,2004,143,279,76,61
21,铁东区,2005,143,279,71,65
2,朝阳区,2009,143,279,70,66
9,德惠市,2016,143,279,69,68
25,龙山区,2020,143,279,71,64
4,绿园区,2005,144,279,69,64
37,江源区,2008,144,279,73,62
54,敦化市,2010,144,279,75,61
53,图们市,2004,145,279,72,62
5,双阳区,2005,145,279,70,63
58,汪清县,2007,145,279,75,60
21,铁东区,2008,145,279,70,64
52,延吉市,2017,145,279,70,64
9,德惠市,2005,146,279,68,65
16,蛟河市,2005,146,279,71,63
22,梨树县,2006,146,279,69,66
6,九台区,2011,146,279,69,63
9,德惠市,2011,146,279,68,64
25,龙山区,2008,147,279,66,64
4,绿园区,2011,147,279,68,63
10,公主岭市,2002,148,279,69,62
22,梨树县,2002,148,279,69,63
36,浑江区,2008,148,279,69,62
55,珲春市,2017,148,279,68,63
9,德惠市,2008,149,279,65,64
44,长岭县,2010,149,279,66,63
10,公主岭市,2011,149,279,67,63
48,镇赉县,2020,149,279,66,63
16,蛟河市,2004,150,279,68,62
2,朝阳区,2008,150,279,65,63
24,双辽市,2008,150,279,67,62
44,长岭县,2016,150,279,64,64
51,大安市,2018,150,279,67,62
1,宽城区,2001,151,279,68,61
24,双辽市,2007,151,279,64,63
10,公主岭市,2008,151,279,65,63
55,珲春市,2008,151,279,66,62
22,梨树县,2011,151,279,66,62
22,梨树县,2001,152,279,65,62
27,东丰县,2001,152,279,68,58
28,东辽县,2001,152,279,67,60
45,乾安县,2018,152,279,65,61
46,扶余市,2008,153,279,63,62
44,长岭县,2011,153,279,64,62
51,大安市,2020,153,279,65,62
50,洮南市,2002,154,279,62,63
47,洮北区,2004,154,279,63,62
51,大安市,2008,154,279,64,60
48,镇赉县,2004,155,279,63,62
43,前郭尔罗斯蒙古族自治县,2005,155,279,63,61
48,镇赉县,2006,156,279,62,61
24,双辽市,2001,157,279,62,60
23,伊通满族自治县,2001,158,279,63,58
45,乾安县,2005,158,279,61,60
49,通榆县,2005,159,279,62,59
49,通榆县,2019,162,279,60,59
14,丰满区,2013,130,278,82,67
18,舒兰市,2013,136,278,77,67
12,龙潭区,2012,137,278,76,68
59,安图县,2001,138,278,84,57
27,东丰县,2012,138,278,75,67
37,江源区,2001,139,278,80,59
38,抚松县,2001,139,278,80,59
58,汪清县,2010,139,278,77,62
17,桦甸市,2014,139,278,74,65
35,集安市,2001,140,278,78,60
17,桦甸市,2020,140,278,73,64
28,东辽县,2009,141,278,72,66
16,蛟河市,2003,142,278,72,64
32,辉南县,2014,142,278,71,66
14,丰满区,2001,143,278,75,61
20,铁西区,2014,143,278,68,67
38,抚松县,2008,144,278,73,62
22,梨树县,2014,144,278,67,68
40,长白朝鲜族自治县,2008,145,278,72,61
41,临江市,2008,145,278,72,61
1,宽城区,2009,145,278,65,68
12,龙潭区,2001,146,278,72,60
18,舒兰市,2001,146,278,70,61
53,图们市,2001,146,278,73,59
32,辉南县,2008,146,278,68,66
4,绿园区,2009,146,278,63,69
0,南关区,2004,147,278,66,65
13,船营区,2005,147,278,66,64
58,汪清县,2011,147,278,71,60
48,镇赉县,2019,147,278,67,63
10,公主岭市,2005,148,278,67,62
0,南关区,2008,148,278,65,63
5,双阳区,2008,148,278,66,64
42,宁江区,2008,148,278,66,62
7,农安县,2009,148,278,62,68
7,农安县,2011,148,278,65,63
47,洮北区,2015,148,278,65,65
13,船营区,2020,148,278,65,66
54,敦化市,2001,149,278,74,55
54,敦化市,2003,149,278,68,61
24,双辽市,2016,149,278,65,64
48,镇赉县,2018,149,278,66,63
6,九台区,2001,150,278,67,61
21,铁东区,2001,150,278,67,61
24,双辽市,2005,150,278,67,61
46,扶余市,2005,150,278,65,63
54,敦化市,2017,150,278,66,62
42,宁江区,2005,151,278,65,61
58,汪清县,2005,151,278,69,59
8,榆树市,2008,151,278,63,64
10,公主岭市,2001,152,278,65,61
20,铁西区,2001,152,278,64,61
58,汪清县,2006,152,278,71,58
45,乾安县,2013,152,278,64,62
24,双辽市,2011,153,278,65,61
51,大安市,2011,153,278,65,60
48,镇赉县,2008,154,278,64,61
50,洮南市,2018,154,278,62,62
3,二道区,2001,156,278,64,57
47,洮北区,2008,156,278,62,60
50,洮南市,2006,158,278,61,60
49,通榆县,2014,159,278,61,58
45,乾安县,2011,160,278,60,58
25,龙山区,2013,134,277,77,67
28,东辽县,2013,134,277,77,67
12,龙潭区,2013,135,277,77,68
15,永吉县,2013,135,277,77,67
15,永吉县,2012,136,277,76,67
1,宽城区,2010,137,277,75,65
39,靖宇县,2001,138,277,80,60
59,安图县,2003,140,277,77,61
9,德惠市,2010,140,277,73,65
18,舒兰市,2012,140,277,72,66
10,公主岭市,2013,140,277,71,66
12,龙潭区,2014,140,277,71,67
31,通化县,2001,141,277,76,60
7,农安县,2010,141,277,72,64
4,绿园区,2013,141,277,71,66
19,磐石市,2014,141,277,71,66
17,桦甸市,2001,142,277,75,60
30,二道江区,2001,142,277,77,59
59,安图县,2014,142,277,74,60
36,浑江区,2001,143,277,76,58
18,舒兰市,2020,143,277,70,66
0,南关区,2006,144,277,68,67
10,公主岭市,2014,144,277,65,68
34,梅河口市,2014,144,277,69,66
33,柳河县,2001,145,277,72,60
23,伊通满族自治县,2005,145,277,68,64
23,伊通满族自治县,2009,145,277,68,66
46,扶余市,2013,145,277,71,63
42,宁江区,2014,145,277,66,66
57,和龙市,2017,145,277,69,63
12,龙潭区,2020,145,277,67,67
19,磐石市,2001,146,277,72,60
8,榆树市,2005,146,277,68,64
46,扶余市,2010,146,277,69,62
44,长岭县,2013,146,277,68,63
15,永吉县,2001,147,277,71,59
59,安图县,2008,147,277,70,60
42,宁江区,2011,147,277,67,62
44,长岭县,2014,147,277,64,66
11,昌邑区,2001,149,277,68,60
51,大安市,2014,149,277,64,64
13,船营区,2001,150,277,67,60
46,扶余市,2012,150,277,65,64
45,乾安县,2016,150,277,63,64
46,扶余市,2011,151,277,65,61
51,大安市,2013,152,277,64,61
48,镇赉县,2005,153,277,63,62
51,大安市,2005,154,277,61,61
43,前郭尔罗斯蒙古族自治县,2011,155,277,63,61
50,洮南市,2004,156,277,61,60
47,洮北区,2006,156,277,61,60
45,乾安县,2009,156,277,59,62
44,长岭县,2001,159,277,59,58
8,榆树市,2013,131,276,77,67
25,龙山区,2012,132,276,77,67
26,西安区,2012,132,276,77,67
28,东辽县,2012,133,276,76,67
3,二道区,2013,134,276,76,67
26,西安区,2013,134,276,75,67
5,双阳区,2013,135,276,75,66
26,西安区,2009,136,276,73,67
11,昌邑区,2012,136,276,73,67
6,九台区,2013,136,276,73,66
13,船营区,2012,137,276,73,67
7,农安县,2013,137,276,74,66
11,昌邑区,2013,137,276,73,67
35,集安市,2013,137,276,75,66
13,船营区,2013,138,276,72,67
42,宁江区,2013,138,276,76,63
14,丰满区,2014,138,276,72,67
2,朝阳区,2013,139,276,73,66
8,榆树市,2014,140,276,70,67
22,梨树县,2013,141,276,70,66
21,铁东区,2014,142,276,68,67
27,东丰县,2014,142,276,69,66
9,德惠市,2020,142,276,68,66
29,东昌区,2001,143,276,75,59
16,蛟河市,2001,144,276,74,59
56,龙井市,2017,145,276,69,62
8,榆树市,2001,146,276,68,61
26,西安区,2008,146,276,67,64
24,双辽市,2012,146,276,67,64
42,宁江区,2012,146,276,65,65
43,前郭尔罗斯蒙古族自治县,2013,146,276,69,62
47,洮北区,2016,147,276,64,65
11,昌邑区,2020,147,276,64,66
9,德惠市,2001,148,276,65,61
46,扶余市,2014,148,276,64,65
58,汪清县,2004,149,276,68,59
54,敦化市,2011,149,276,68,60
58,汪清县,2017,150,276,67,60
58,汪清县,2001,151,276,70,55
54,敦化市,2008,151,276,67,58
58,汪清县,2008,151,276,66,59
2,朝阳区,2001,152,276,64,59
47,洮北区,2012,152,276,60,64
51,大安市,2007,153,276,62,61
5,双阳区,2001,154,276,64,58
48,镇赉县,2012,154,276,61,64
50,洮南市,2014,154,276,63,60
50,洮南市,2013,155,276,61,59
50,洮南市,2019,155,276,61,61
45,乾安县,2007,158,276,57,60
50,洮南市,2007,158,276,59,59
49,通榆县,2010,158,276,60,59
49,通榆县,2001,161,276,62,55
50,洮南市,2011,161,276,57,59
9,德惠市,2013,133,275,75,66
0,南关区,2013,136,275,74,66
5,双阳区,2012,137,275,72,67
6,九台区,2012,138,275,70,66
23,伊通满族自治县,2012,138,275,71,66
8,榆树市,2012,139,275,70,66
1,宽城区,2013,139,275,71,66
8,榆树市,2020,139,275,71,65
25,龙山区,2014,140,275,70,66
4,绿园区,2014,141,275,67,67
28,东辽县,2014,141,275,68,66
32,辉南县,2001,142,275,73,60
9,德惠市,2014,142,275,66,66
11,昌邑区,2014,142,275,66,66
15,永吉县,2014,142,275,67,66
2,朝阳区,2005,143,275,70,64
1,宽城区,2011,144,275,68,64
7,农安县,2014,144,275,65,67
58,汪清县,2014,144,275,71,61
22,梨树县,2005,145,275,67,63
42,宁江区,2020,145,275,66,65
20,铁西区,2008,146,275,66,64
10,公主岭市,2009,146,275,63,67
42,宁江区,2007,147,275,64,64
24,双辽市,2009,147,275,63,65
47,洮北区,2019,147,275,64,64
44,长岭县,2009,149,275,62,65
43,前郭尔罗斯蒙古族自治县,2012,150,275,62,63
43,前郭尔罗斯蒙古族自治县,2007,151,275,63,63
48,镇赉县,2001,152,275,65,58
54,敦化市,2004,152,275,65,58
48,镇赉县,2013,152,275,63,61
51,大安市,2012,153,275,60,63
51,大安市,2001,154,275,64,57
3,二道区,2012,135,274,73,66
21,铁东区,2012,136,274,73,66
21,铁东区,2009,137,274,71,66
0,南关区,2012,137,274,71,66
2,朝阳区,2012,137,274,71,66
4,绿园区,2012,138,274,71,65
9,德惠市,2012,139,274,68,66
26,西安区,2014,139,274,70,65
0,南关区,2014,140,274,68,66
2,朝阳区,2014,140,274,67,66
6,九台区,2014,141,274,67,66
1,宽城区,2014,142,274,65,67
13,船营区,2014,142,274,65,66
20,铁西区,2009,144,274,65,65
23,伊通满族自治县,2014,144,274,64,66
22,梨树县,2009,146,274,63,65
47,洮北区,2014,146,274,64,63
47,洮北区,2018,147,274,63,63
22,梨树县,2008,148,274,64,63
48,镇赉县,2007,150,274,62,62
50,洮南市,2005,156,274,58,61
1,宽城区,2012,138,273,70,66
10,公主岭市,2012,140,273,67,65
5,双阳区,2014,142,273,65,65
20,铁西区,2005,143,273,67,64
44,长岭县,2012,146,273,64,64
43,前郭尔罗斯蒙古族自治县,2014,147,273,63,64
54,敦化市,2014,148,273,66,60
45,乾安县,2014,149,273,61,63
43,前郭尔罗斯蒙古族自治县,2010,150,273,64,60
0,南关区,2001,151,273,65,57
47,洮北区,2007,151,273,61,61
47,洮北区,2013,151,273,62,62
48,镇赉县,2011,152,273,63,60
47,洮北区,2005,153,273,59,62
47,洮北区,2011,153,273,60,60
50,洮南市,2010,154,273,60,60
50,洮南市,2001,156,273,60,57
45,乾安县,2001,159,273,59,55
20,铁西区,2012,139,272,68,64
3,二道区,2014,139,272,68,65
22,梨树县,2012,140,272,66,65
48,镇赉县,2014,147,272,63,63
48,镇赉县,2010,149,272,62,61
47,洮北区,2001,152,272,60,59
45,乾安县,2012,153,272,58,61
42,宁江区,2010,142,271,68,61
42,宁江区,2001,148,271,63,60
51,大安市,2010,149,271,62,61
46,扶余市,2001,152,271,63,57
43,前郭尔罗斯蒙古族自治县,2001,156,271,59,56
47,洮北区,2010,148,270,60,62
7,农安县,2012,140,268,65,64
45,乾安县,2010,151,268,59,58
